rs10014673,A
rs1002007,G
rs1007212,G
rs10139287,C
rs1021735,T
rs10237276,C
rs10249191,T
rs1026228,T
rs1026995,G
rs10279346,G
rs10282539,T
rs1032970,G
rs10405214,T
rs10414856,C
rs1045001,T
rs10454341,A
rs10509107,T
rs10509810,A
rs10515381,T
rs10516756,T
rs10521202,G
rs1060411,T
rs10735937,T
rs10738226,G
rs10767910,A
rs10780545,A
rs10784926,A
rs10796316,A
rs10798450,T
rs10803657,C
rs10806959,A
rs10808746,G
rs10852172,C
rs10869430,G
rs10883934,A
rs10887791,C
rs1091679,C
rs10944384,A
rs10956658,C
rs11022340,G
rs11069734,C
rs11071567,C
rs11078588,T
rs11106763,C
rs11112661,A
rs11132917,T
rs11160070,C
rs11187808,A
rs11198439,T
rs1120559,C
rs1123684,G
rs1155011,G
rs11617409,A
rs11628095,T
rs11686452,C
rs11729112,A
rs1172918,G
rs11785702,C
rs11799558,G
rs11877480,C
rs1188157,C
rs12045563,T
rs12141207,A
rs1216440,G
rs12221133,G
rs12311409,T
rs12358733,G
rs1240776,T
rs12431579,G
rs12433087,T
rs12448378,G
rs12450896,A
rs12457013,A
rs12458980,A
rs12488030,G
rs12553147,A
rs12592822,T
rs1261025,A
rs12626798,G
rs12635040,T
rs12703742,C
rs12707297,A
rs12795296,C
rs1281174,T
rs12884186,C
rs1292053,A
rs12969947,C
rs13113465,A
rs13130965,C
rs1324951,G
rs1325487,A
rs1343396,G
rs1352191,A
rs1358776,C
rs136511,G
rs1389057,G
rs1390280,G
rs1403821,A
rs1414193,G
rs1418708,G
rs1421001,A
rs1448792,A
rs1456633,T
rs1467891,T
rs1475902,A
rs1485545,A
rs1488092,A
rs1493363,G
rs1496961,T
rs1505455,T
rs1528512,G
rs1540757,C
rs1541289,C
rs1549949,T
rs158278,C
rs1663501,A
rs169271,C
rs16964544,A
rs16965110,A
rs17014487,T
rs1713481,A
rs17184233,A
rs172235,A
rs174719,G
rs17684161,T
rs17783671,C
rs1785835,G
rs178590,C
rs1812736,G
rs1815593,G
rs1837746,T
rs1862456,A
rs1869934,A
rs1876092,T
rs1883448,G
rs1887341,T
rs1889209,A
rs1899731,T
rs1906099,A
rs1912407,T
rs1933938,T
rs1947892,G
rs1948922,A
rs1974086,A
rs1976109,G
rs199552,C
rs1996142,G
rs2025270,C
rs2026069,T
rs2028941,C
rs2037986,G
rs2058459,C
rs2067613,T
rs2074562,A
rs2076962,T
rs2103500,T
rs2114477,T
rs2121881,C
rs2124458,T
rs216568,T
rs2169100,G
rs2188355,T
rs2191139,T
rs2193799,T
rs2194278,G
rs2206633,A
rs2210281,T
rs221956,T
rs2252884,T
rs2253977,T
rs2267615,A
rs2276888,A
rs2286489,C
rs2292503,A
rs2298002,G
rs2301655,T
rs2304066,C
rs230941,C
rs2327046,A
rs2368266,G
rs2377451,T
rs2378688,C
rs2410714,T
rs2414376,C
rs242076,A
rs2423462,T
rs243404,G
rs2436737,T
rs2447867,T
rs2505675,C
rs2512080,G
rs2518827,A
rs2524983,A
rs2546611,T
rs255165,A
rs2594792,C
rs2639193,T
rs2677829,G
rs2685151,G
rs2686293,A
rs2689352,C
rs2712622,T
rs2717751,C
rs2737717,T
rs2824206,A
rs2826536,T
rs2827039,T
rs2829133,G
rs2829443,C
rs2834315,T
rs2838007,T
rs2850611,C
rs2876167,G
rs2877796,A
rs2882976,G
rs2886235,C
rs2911991,C
rs2921613,G
rs2934226,G
rs295209,C
rs2994985,C
rs309343,G
rs3130014,A
rs3134498,G
rs32209,T
rs322590,A
rs341087,C
rs368855,C
rs3731707,C
rs3736436,T
rs3739542,C
rs375369,G
rs3785817,A
rs3803826,C
rs3820706,T
rs3826620,T
rs3863347,T
rs3898938,C
rs3910952,C
rs3920525,C
rs3974323,A
rs4140471,T
rs4141867,T
rs4354877,A
rs4366723,G
rs4373539,C
rs444815,T
rs4553711,C
rs4576132,G
rs4600103,A
rs4654009,C
rs4687167,C
rs470072,C
rs470256,C
rs4703849,A
rs4710333,C
rs4719642,T
rs4721870,C
rs4726114,A
rs4747386,A
rs4806798,A
rs4808272,G
rs4816609,A
rs4871453,C
rs4886563,G
rs4890111,C
rs4896201,G
rs4901119,A
rs4909055,G
rs493102,G
rs4942312,C
rs4963126,G
rs4992163,A
rs501664,A
rs531572,C
rs536605,G
rs541969,T
rs550899,G
rs5748427,A
rs5756391,A
rs5757186,C
rs5759291,T
rs5762788,C
rs581152,C
rs6023940,T
rs6037988,C
rs6046805,G
rs6065998,A
rs6101183,C
rs6123727,C
rs627636,T
rs6431735,T
rs6431957,T
rs6438503,C
rs6449794,T
rs6506689,T
rs6507201,G
rs6517178,T
rs6549127,C
rs655781,G
rs6558685,T
rs6569765,A
rs6587597,A
rs6597750,C
rs6598473,A
rs6663181,T
rs6670818,G
rs6685064,C
rs6704141,T
rs6732614,G
rs6774925,C
rs6809452,G
rs6817648,T
rs6976218,A
rs6996838,T
rs7018395,G
rs7026635,G
rs7040755,G
rs7068695,T
rs7081796,A
rs714407,A
rs7167910,A
rs7175581,G
rs7189522,T
rs718993,T
rs7192735,A
rs7206547,A
rs7241510,T
rs724787,A
rs7257560,T
rs726799,T
rs728015,T
rs7304242,G
rs7321702,C
rs732613,G
rs739954,T
rs742882,A
rs751194,G
rs7519519,G
rs755993,A
rs7582092,A
rs7698980,A
rs7731341,C
rs7778134,G
rs783250,T
rs7850761,C
rs789830,T
rs7916063,C
rs7957299,A
rs8002849,G
rs8005371,A
rs8016883,T
rs8018211,G
rs802182,A
rs8050038,C
rs8054701,T
rs8063406,G
rs8066556,C
rs8097337,T
rs8101893,T
rs8134646,A
rs8181480,G
rs855737,T
rs882238,A
rs882542,C
rs883322,G
rs906629,C
rs909143,A
rs922202,C
rs927606,C
rs929502,G
rs9303651,T
rs948335,C
rs9526313,G
rs964929,C
rs9825455,G
rs984038,C
rs986397,G
rs9872574,A
rs9893316,T
rs9901515,A
rs9915613,A
rs9951447,T
rs9965347,G